Station ID,CSY,CSY2,UTM_X,UTM_Y,Habitat,Distance,Set,Season,Year,Set Date,Pull,Deployment_days,Camera Type,Problem1_From,Problem1_to,Problem1_days,Problem2_From,Problem2_to,Problem2_days,Problem3_From,Problem3_to,Problem3_days,Problem4_From,Problem4_to,Problem4_days
C04,C04_winter_2021,C04_winter_2021,661071,3968084,chap road,9,Even,winter,2021,11/13/2021,1/31/2022,79,N Brown,,,0,,,0,,,0,,,0
C04,C04_spring_2022,C04_spring_2022,661071,3968084,chap road,9,Even,spring,2022,2/1/2022,4/30/2022,88,N Brown,,,0,,,0,,,0,,,0
C04,C04_summer_2022,C04_summer_2022,661071,3968084,chap road,9,Even,summer,2022,5/1/2022,7/31/2022,91,Reconyx,5/3/2022,5/12/2022,9,,,0,,,0,,,0
C04,C04_fall_2022,C04_fall_2022,661071,3968084,chap road,9,Even,fall,2022,8/1/2022,10/31/2022,91,Reconyx,,,0,,,0,,,0,,,0
C04,C04_winter_2022,C04_winter_2022,661071,3968084,chap road,9,Even,winter,2022,11/1/2022,11/6/2022,5,Reconyx,,,0,,,0,,,0,,,0
C06,C06_winter_2021,C06_winter_2021,666955,3968006,Chap,9,Even,winter,2021,11/15/2021,1/31/2022,77,O Brown,,,0,,,0,,,0,,,0
C06,C06_spring_2022,C06_spring_2022,666955,3968006,Chap,9,Even,spring,2022,2/1/2022,4/30/2022,88,N Brown,4/30/2022,4/30/2022,0,,,0,,,0,,,0
C06,C06_summer_2022,C06_summer_2022,666955,3968006,Chap,9,Even,summer,2022,5/1/2022,7/31/2022,91,Reconyx,5/1/2022,5/11/2022,10,,,0,,,0,,,0
C06,C06_fall_2022,C06_fall_2022,666955,3968006,Chap,9,Even,fall,2022,8/1/2022,10/31/2022,91,Reconyx,,,0,,,0,,,0,,,0
C06,C06_winter_2022,C06_winter_2022,666955,3968006,Chap,9,Even,winter,2022,11/1/2022,11/4/2022,3,Reconyx,,,0,,,0,,,0,,,0
C10,C10_winter_2021,C10_winter_2021,658714,3970595,chap,6,Even,winter,2021,11/13/2021,1/31/2022,79,N Brown,,,0,,,0,,,0,,,0
C10,C10_spring_2022,C10_spring_2022,658714,3970595,chap,6,Even,spring,2022,2/1/2022,4/30/2022,88,Reconyx,,,0,,,0,,,0,,,0
C10,C10_summer_2022,C10_summer_2022,658714,3970595,chap,6,Even,summer,2022,5/1/2022,7/31/2022,91,UCD Brown,,,0,,,0,,,0,,,0
C10,C10_fall_2022,C10_fall_2022,658714,3970595,chap,6,Even,fall,2022,8/1/2022,10/31/2022,91,UCD Brown,,,0,,,0,,,0,,,0
C10,C10_winter_2022,C10_winter_2022,658714,3970595,chap,6,Even,winter,2022,11/1/2022,11/6/2022,5,UCD Brown,,,0,,,0,,,0,,,0
C12,C12_winter_2021,C12_winter_2021,664012,3970974,oak wood,9,Even,winter,2021,11/13/2021,1/31/2022,79,N Brown,,,0,,,0,,,0,,,0
C12,C12_spring_2022,C12_spring_2022,664012,3970974,oak wood,9,Even,spring,2022,2/1/2022,4/30/2022,88,Reconyx,,,0,,,0,,,0,,,0
C12,C12_summer_2022,C12_summer_2022,664012,3970974,oak wood,9,Even,summer,2022,5/1/2022,7/31/2022,91,Reconyx,,,0,,,0,,,0,,,0
C12,C12_fall_2022,C12_fall_2022,664012,3970974,oak wood,9,Even,fall,2022,8/1/2022,10/31/2022,91,Reconyx,,,0,,,0,,,0,,,0
C12,C12_winter_2022,C12_winter_2022,664012,3970974,oak wood,9,Even,winter,2022,11/1/2022,11/4/2022,3,Reconyx,,,0,,,0,,,0,,,0
C18,C18_winter_2021,C18_winter_2021,661004,3974001,Oak wood,9,Even,winter,2021,11/8/2021,1/31/2022,84,N Brown,,,0,,,0,,,0,,,0
C18,C18_spring_2022,C18_spring_2022,661004,3974001,Oak wood,9,Even,spring,2022,2/1/2022,4/30/2022,88,Reconyx,,,0,,,0,,,0,,,0
C18,C18_summer_2022,C18_summer_2022,661004,3974001,Oak wood,9,Even,summer,2022,5/1/2022,5/29/2022,28,Reconyx,5/11/2022,5/29/2022,18,,,0,,,0,,,0
C18,C18_summer_2022,C18_summer_2022_1,661004,3974001,Oak wood,9,Even,summer,2022,5/29/2022,5/30/2022,1,UCD Brown,,,0,,,0,,,0,,,0
C18,C18_summer_2022,C18_summer_2022_2,661004,3974001,Oak wood,9,Even,summer,2022,5/30/2022,7/31/2022,62,Reconyx,,,0,,,0,,,0,,,0
C18,C18_fall_2022,C18_fall_2022,661004,3974001,Oak wood,9,Even,fall,2022,8/1/2022,10/31/2022,91,Reconyx,,,0,,,0,,,0,,,0
C18,C18_winter_2022,C18_winter_2022,661004,3974001,Oak wood,9,Even,winter,2022,11/1/2022,11/7/2022,6,Reconyx,,,0,,,0,,,0,,,0
C20,C20_winter_2021,C20_winter_2021,666992,3974001,con dec,9,Even,winter,2021,11/16/2021,1/31/2022,76,O Brown,,,0,,,0,,,0,,,0
C20,C20_spring_2022,C20_spring_2022,666992,3974001,con dec,9,Even,spring,2022,2/1/2022,4/30/2022,88,Reconyx,,,0,,,0,,,0,,,0
C20,C20_summer_2022,C20_summer_2022,666992,3974001,con dec,9,Even,summer,2022,5/1/2022,7/31/2022,91,UCD Brown,,,0,,,0,,,0,,,0
C20,C20_fall_2022,C20_fall_2022,666992,3974001,con dec,9,Even,fall,2022,8/1/2022,10/31/2022,91,UCD Brown,,,0,,,0,,,0,,,0
C20,C20_winter_2022,C20_winter_2022,666992,3974001,con dec,9,Even,winter,2022,11/1/2022,11/22/2022,21,UCD Brown,,,0,,,0,,,0,,,0
C22,C22_winter_2021,C22_winter_2021,672984,3973950,oak sav,9,Even,winter,2021,11/14/2021,1/31/2022,78,N Brown,,,0,,,0,,,0,,,0
C22,C22_spring_2022,C22_spring_2022,672984,3973950,oak sav,9,Even,spring,2022,2/1/2022,4/30/2022,88,Reconyx,,,0,,,0,,,0,,,0
C22,C22_summer_2022,C22_summer_2022,672984,3973950,oak sav,9,Even,summer,2022,5/1/2022,7/31/2022,91,N Brown,,,0,,,0,,,0,,,0
C22,C22_fall_2022,C22_fall_2022,672984,3973950,oak sav,9,Even,fall,2022,8/1/2022,10/31/2022,91,N Brown,,,0,,,0,,,0,,,0
C22,C22_winter_2022,C22_winter_2022,672984,3973950,oak sav,9,Even,winter,2022,11/1/2022,11/14/2022,13,N Brown,,,0,,,0,,,0,,,0
C26,C26_winter_2021,C26_winter_2021,655001,3976974,oak sav,9,Even,winter,2021,11/5/2021,1/31/2022,87,N Brown,,,0,,,0,,,0,,,0
C26,C26_spring_2022,C26_spring_2022,655001,3976974,oak sav,9,Even,spring,2022,2/1/2022,4/30/2022,88,Reconyx,,,0,,,0,,,0,,,0
C26,C26_summer_2022,C26_summer_2022,655001,3976974,oak sav,9,Even,summer,2022,5/1/2022,5/29/2022,28,Reconyx,5/11/2022,5/29/2022,18,,,0,,,0,,,0
C26,C26_summer_2022,C26_summer_2022_1,655001,3976974,oak sav,9,Even,summer,2022,5/29/2022,7/31/2022,63,UCD Brown,,,0,,,0,,,0,,,0
C26,C26_fall_2022,C26_fall_2022,655001,3976974,oak sav,9,Even,fall,2022,8/1/2022,10/31/2022,91,Reconyx,,,0,,,0,,,0,,,0
C26,C26_winter_2022,C26_winter_2022,655001,3976974,oak sav,9,Even,winter,2022,11/1/2022,11/7/2022,6,Reconyx,,,0,,,0,,,0,,,0
C28,C28_winter_2021,C28_winter_2021,661007,3976981,Oak wood,9,Even,winter,2021,11/8/2021,1/31/2022,84,N Brown,,,0,,,0,,,0,,,0
C28,C28_spring_2022,C28_spring_2022,661007,3976981,Oak wood,9,Even,spring,2022,2/1/2022,4/30/2022,88,Reconyx,3/26/2022,4/30/2022,35,,,0,,,0,,,0
C28,C28_summer_2022,C28_summer_2022,661007,3976981,Oak wood,9,Even,summer,2022,5/1/2022,7/31/2022,91,Reconyx,5/1/2022,5/11/2022,10,5/17/2022,5/29/2022,12,,,0,,,0
C28,C28_fall_2022,C28_fall_2022,661007,3976981,Oak wood,9,Even,fall,2022,8/1/2022,10/31/2022,91,Reconyx,,,0,,,0,,,0,,,0
C28,C28_winter_2022,C28_winter_2022,661007,3976981,Oak wood,9,Even,winter,2022,11/1/2022,11/7/2022,6,Reconyx,,,0,,,0,,,0,,,0
C30,C30_winter_2021,C30_winter_2021,667007,3976988,Oak sav,9,Even,winter,2021,11/8/2021,1/31/2022,84,N Bush,,,0,,,0,,,0,,,0
C30,C30_spring_2022,C30_spring_2022,667007,3976988,Oak sav,9,Even,spring,2022,2/1/2022,4/30/2022,88,Reconyx,,,0,,,0,,,0,,,0
C30,C30_summer_2022,C30_summer_2022,667007,3976988,Oak sav,9,Even,summer,2022,5/1/2022,5/30/2022,29,N Brown,5/18/2022,5/28/2022,10,,,0,,,0,,,0
C30,C30_summer_2022,C30_summer_2022_1,667007,3976988,Oak sav,9,Even,summer,2022,5/30/2022,7/31/2022,62,Reconyx,,,0,,,0,,,0,,,0
C30,C30_fall_2022,C30_fall_2022,667007,3976988,Oak sav,9,Even,fall,2022,8/1/2022,10/31/2022,91,Reconyx,,,0,,,0,,,0,,,0
C30,C30_winter_2022,C30_winter_2022,667007,3976988,Oak sav,9,Even,winter,2022,11/1/2022,11/7/2022,6,Reconyx,,,0,,,0,,,0,,,0
C34,C34_winter_2021,C34_winter_2021,649058,3980024,chap road,9,Even,winter,2021,11/5/2021,1/31/2022,87,N Brown,,,0,,,0,,,0,,,0
C34,C34_spring_2022,C34_spring_2022,649058,3980024,chap road,9,Even,spring,2022,2/1/2022,4/30/2022,88,Reconyx,4/10/2022,4/30/2022,20,,,0,,,0,,,0
C34,C34_summer_2022,C34_summer_2022,649058,3980024,chap road,9,Even,summer,2022,5/1/2022,7/31/2022,91,N Brown,5/1/2022,5/9/2022,8,,,0,,,0,,,0
C34,C34_fall_2022,C34_fall_2022,649058,3980024,chap road,9,Even,fall,2022,8/1/2022,10/31/2022,91,N Brown,,,0,,,0,,,0,,,0
C34,C34_winter_2022,C34_winter_2022,649058,3980024,chap road,9,Even,winter,2022,11/1/2022,11/4/2022,3,N Brown,,,0,,,0,,,0,,,0
C36,C36_winter_2021,C36_winter_2021,654983,3980012,Con/Dec,9,Even,winter,2021,11/5/2021,1/31/2022,87,N Brown,,,0,,,0,,,0,,,0
C36,C36_spring_2022,C36_spring_2022,654983,3980012,Con/Dec,9,Even,spring,2022,2/1/2022,4/30/2022,88,Reconyx,,,0,,,0,,,0,,,0
C36,C36_summer_2022,C36_summer_2022,654983,3980012,Con/Dec,9,Even,summer,2022,5/1/2022,7/31/2022,91,N Brown,5/22/2022,5/25/2022,3,6/5/2022,6/7/2022,2,6/14/2022,6/19/2022,5,,,0
C36,C36_fall_2022,C36_fall_2022,654983,3980012,Con/Dec,9,Even,fall,2022,8/1/2022,10/31/2022,91,N Brown,9/11/2022,10/31/2022,50,,,0,,,0,,,0
C36,C36_winter_2022,C36_winter_2022,654983,3980012,Con/Dec,9,Even,winter,2022,11/1/2022,11/7/2022,6,N Brown,11/1/2022,11/7/2022,6,,,0,,,0,,,0
C38,C38_winter_2021,C38_winter_2021,660993,3980006,Chap,9,Even,winter,2021,11/16/2021,1/31/2022,76,O Brown,,,0,,,0,,,0,,,0
C38,C38_spring_2022,C38_spring_2022,660993,3980006,Chap,9,Even,spring,2022,2/1/2022,4/30/2022,88,O Brown,,,0,,,0,,,0,,,0
C38,C38_summer_2022,C38_summer_2022,660993,3980006,Chap,9,Even,summer,2022,5/1/2022,7/31/2022,91,O Brown,,,0,,,0,,,0,,,0
C38,C38_fall_2022,C38_fall_2022,660993,3980006,Chap,9,Even,fall,2022,8/1/2022,10/31/2022,91,O Brown,,,0,,,0,,,0,,,0
C38,C38_winter_2022,C38_winter_2022,660993,3980006,Chap,9,Even,winter,2022,11/1/2022,11/9/2022,8,O Brown,,,0,,,0,,,0,,,0
C40,C40_winter_2021,C40_winter_2021,666966,3980427,grass,9,Even,winter,2021,11/14/2021,11/27/2021,13,N Brown,11/20/2021,11/27/2021,7,,,0,,,0,,,0
C40,C40_winter_2021,C40_winter_2021_1,666798,3980573,Oak sav,9,Even,winter,2021,11/27/2021,1/31/2022,65,N Brown,,,0,,,0,,,0,,,0
C40,C40_spring_2022,C40_spring_2022,666798,3980573,Oak sav,9,Even,spring,2022,2/1/2022,4/30/2022,88,N Brown,,,0,,,0,,,0,,,0
C40,C40_summer_2022,C40_summer_2022,666798,3980573,Oak sav,9,Even,summer,2022,5/1/2022,7/31/2022,91,N Brown,,,0,,,0,,,0,,,0
C40,C40_fall_2022,C40_fall_2022,666798,3980573,Oak sav,9,Even,fall,2022,8/1/2022,10/31/2022,91,N Brown,,,0,,,0,,,0,,,0
C40,C40_winter_2022,C40_winter_2022,666798,3980573,Oak sav,9,Even,winter,2022,11/1/2022,11/6/2022,5,N Brown,,,0,,,0,,,0,,,0
C42,C42_winter_2021,C42_winter_2021,652000,3982993,oak wood,9,Even,winter,2021,11/5/2021,1/31/2022,87,N Brown,,,0,,,0,,,0,,,0
C42,C42_spring_2022,C42_spring_2022,652000,3982993,oak wood,9,Even,spring,2022,2/1/2022,4/30/2022,88,Reconyx,,,0,,,0,,,0,,,0
C42,C42_summer_2022,C42_summer_2022,652000,3982993,oak wood,9,Even,summer,2022,5/1/2022,7/31/2022,91,N Brown,,,0,,,0,,,0,,,0
C42,C42_fall_2022,C42_fall_2022,652000,3982993,oak wood,9,Even,fall,2022,8/1/2022,10/31/2022,91,N Brown,,,0,,,0,,,0,,,0
C42,C42_winter_2022,C42_winter_2022,652000,3982993,oak wood,9,Even,winter,2022,11/1/2022,11/13/2022,12,N Brown,,,0,,,0,,,0,,,0
C44,C44_winter_2021,C44_winter_2021,657977,3983014,Oak sav,9,Even,winter,2021,11/11/2021,1/31/2022,81,N Bush,,,0,,,0,,,0,,,0
C44,C44_spring_2022,C44_spring_2022,657977,3983014,Oak sav,9,Even,spring,2022,2/1/2022,4/30/2022,88,Reconyx,,,0,,,0,,,0,,,0
C44,C44_summer_2022,C44_summer_2022,657977,3983014,Oak sav,9,Even,summer,2022,5/1/2022,7/31/2022,91,N Brown,6/15/2022,7/3/2022,18,,,0,,,0,,,0
C44,C44_fall_2022,C44_fall_2022,657977,3983014,Oak sav,9,Even,fall,2022,8/1/2022,10/31/2022,91,N Brown,8/24/2022,10/31/2022,68,,,0,,,0,,,0
C44,C44_winter_2022,C44_winter_2022,657977,3983014,Oak sav,9,Even,winter,2022,11/1/2022,11/4/2022,3,N Brown,11/1/2022,11/4/2022,3,,,0,,,0,,,0
C46,C46_winter_2021,C46_winter_2021,664011,3983010,con dec,9,Even,winter,2021,11/10/2021,1/31/2022,82,N Bush,,,0,,,0,,,0,,,0
C46,C46_spring_2022,C46_spring_2022,664011,3983010,con dec,9,Even,spring,2022,2/1/2022,4/30/2022,88,Reconyx,,,0,,,0,,,0,,,0
C46,C46_summer_2022,C46_summer_2022,664011,3983010,con dec,9,Even,summer,2022,5/1/2022,7/31/2022,91,Reconyx,,,0,,,0,,,0,,,0
C46,C46_fall_2022,C46_fall_2022,664011,3983010,con dec,9,Even,fall,2022,8/1/2022,10/31/2022,91,Reconyx,,,0,,,0,,,0,,,0
C46,C46_winter_2022,C46_winter_2022,664011,3983010,con dec,9,Even,winter,2022,11/1/2022,11/10/2022,9,Reconyx,,,0,,,0,,,0,,,0
C48,C48_winter_2021,C48_winter_2021,645988,3986001,oak scrub,9,Even,winter,2021,11/23/2021,1/31/2022,69,N Brown,,,0,,,0,,,0,,,0
C48,C48_spring_2022,C48_spring_2022,645988,3986001,oak scrub,9,Even,spring,2022,2/1/2022,4/30/2022,88,Reconyx,,,0,,,0,,,0,,,0
C48,C48_summer_2022,C48_summer_2022,645988,3986001,oak scrub,9,Even,summer,2022,5/1/2022,7/31/2022,91,Reconyx,5/22/2022,5/29/2022,7,,,0,,,0,,,0
C48,C48_fall_2022,C48_fall_2022,645988,3986001,oak scrub,9,Even,fall,2022,8/1/2022,10/31/2022,91,N Brown,,,0,,,0,,,0,,,0
C48,C48_winter_2022,C48_winter_2022,645988,3986001,oak scrub,9,Even,winter,2022,11/1/2022,11/10/2022,9,N Brown,,,0,,,0,,,0,,,0
C50,C50_winter_2021,C50_winter_2021,651995,3985993,Oak wood,9,Even,winter,2021,11/6/2021,1/31/2022,86,N Brown,,,0,,,0,,,0,,,0
C50,C50_spring_2022,C50_spring_2022,651995,3985993,Oak wood,9,Even,spring,2022,2/1/2022,4/30/2022,88,Reconyx,,,0,,,0,,,0,,,0
C50,C50_summer_2022,C50_summer_2022,651995,3985993,Oak wood,9,Even,summer,2022,5/1/2022,7/31/2022,91,N Brown,,,0,,,0,,,0,,,0
C50,C50_fall_2022,C50_fall_2022,651995,3985993,Oak wood,9,Even,fall,2022,8/1/2022,10/31/2022,91,N Brown,,,0,,,0,,,0,,,0
C50,C50_winter_2022,C50_winter_2022,651995,3985993,Oak wood,9,Even,winter,2022,11/1/2022,11/9/2022,8,N Brown,,,0,,,0,,,0,,,0
C52,C52_winter_2021,C52_winter_2021,658041,3985954,Grass,9,Even,winter,2021,11/11/2021,1/31/2022,81,N Bush,,,0,,,0,,,0,,,0
C52,C52_spring_2022,C52_spring_2022,658041,3985954,Grass,9,Even,spring,2022,2/1/2022,4/30/2022,88,Reconyx,,,0,,,0,,,0,,,0
C52,C52_summer_2022,C52_summer_2022,658041,3985954,Grass,9,Even,summer,2022,5/1/2022,7/31/2022,91,Reconyx,,,0,,,0,,,0,,,0
C52,C52_fall_2022,C52_fall_2022,658041,3985954,Grass,9,Even,fall,2022,8/1/2022,10/31/2022,91,Reconyx,,,0,,,0,,,0,,,0
C52,C52_winter_2022,C52_winter_2022,658041,3985954,Grass,9,Even,winter,2022,11/1/2022,11/4/2022,3,Reconyx,,,0,,,0,,,0,,,0
C54,C54_winter_2021,C54_winter_2021,663937,3985981,Oak wood,9,Even,winter,2021,11/10/2021,1/31/2022,82,N Bush,,,0,,,0,,,0,,,0
C54,C54_spring_2022,C54_spring_2022,663937,3985981,Oak wood,9,Even,spring,2022,2/1/2022,4/30/2022,88,Reconyx,,,0,,,0,,,0,,,0
C54,C54_summer_2022,C54_summer_2022,663937,3985981,Oak wood,9,Even,summer,2022,5/1/2022,7/31/2022,91,Reconyx,5/10/2022,5/28/2022,18,6/8/2022,6/11/2022,3,6/14/2022,7/3/2022,19,,,0
C54,C54_fall_2022,C54_fall_2022,663937,3985981,Oak wood,9,Even,fall,2022,8/1/2022,10/31/2022,91,Reconyx,,,0,,,0,,,0,,,0
C54,C54_winter_2022,C54_winter_2022,663937,3985981,Oak wood,9,Even,winter,2022,11/1/2022,11/5/2022,4,Reconyx,,,0,,,0,,,0,,,0
C58,C58_winter_2021,C58_winter_2021,652012,3988998,Burn chap,9,Even,winter,2021,11/6/2021,1/31/2022,86,N Brown,,,0,,,0,,,0,,,0
C58,C58_spring_2022,C58_spring_2022,652012,3988998,Burn chap,9,Even,spring,2022,2/1/2022,4/30/2022,88,N Brown,3/16/2022,4/30/2022,45,,,0,,,0,,,0
C58,C58_summer_2022,C58_summer_2022,652012,3988998,Burn chap,9,Even,summer,2022,5/1/2022,7/31/2022,91,N Brown,5/1/2022,5/10/2022,9,,,0,,,0,,,0
C58,C58_fall_2022,C58_fall_2022,652012,3988998,Burn chap,9,Even,fall,2022,8/1/2022,10/31/2022,91,N Brown,,,0,,,0,,,0,,,0
C58,C58_winter_2022,C58_winter_2022,652012,3988998,Burn chap,9,Even,winter,2022,11/1/2022,11/9/2022,8,N Brown,,,0,,,0,,,0,,,0
C60,C60_winter_2021,C60_winter_2021,657990,3989004,con dec,9,Even,winter,2021,11/11/2021,1/31/2022,81,N Brown,,,0,,,0,,,0,,,0
C60,C60_spring_2022,C60_spring_2022,657990,3989004,con dec,9,Even,spring,2022,2/1/2022,4/30/2022,88,Reconyx,,,0,,,0,,,0,,,0
C60,C60_summer_2022,C60_summer_2022,657990,3989004,con dec,9,Even,summer,2022,5/1/2022,7/31/2022,91,N Brown,5/20/2022,5/26/2022,6,,,0,,,0,,,0
C60,C60_fall_2022,C60_fall_2022,657990,3989004,con dec,9,Even,fall,2022,8/1/2022,10/31/2022,91,N Brown,,,0,,,0,,,0,,,0
C60,C60_winter_2022,C60_winter_2022,657990,3989004,con dec,9,Even,winter,2022,11/1/2022,11/10/2022,9,N Brown,,,0,,,0,,,0,,,0
C62,C62_winter_2021,C62_winter_2021,664008,3988998,Oak sav,9,Even,winter,2021,11/15/2021,1/31/2022,77,O Brown,1/21/2022,1/31/2022,10,,,0,,,0,,,0
C62,C62_spring_2022,C62_spring_2022,664008,3988998,Oak sav,9,Even,spring,2022,2/1/2022,4/30/2022,88,Reconyx,2/1/2022,2/6/2022,5,4/28/2022,4/30/2022,2,,,0,,,0
C62,C62_summer_2022,C62_summer_2022,664008,3988998,Oak sav,9,Even,summer,2022,5/1/2022,5/29/2022,28,Reconyx,5/1/2022,5/10/2022,9,5/27/2022,5/28/2022,1,,,0,,,0
C62,C62_summer_2022,C62_summer_2022_1,664008,3988998,Oak sav,9,Even,summer,2022,5/29/2022,5/30/2022,1,N Brown,,,0,,,0,,,0,,,0
C62,C62_summer_2022,C62_summer_2022_2,664008,3988998,Oak sav,9,Even,summer,2022,5/30/2022,7/31/2022,62,Reconyx,,,0,,,0,,,0,,,0
C62,C62_fall_2022,C62_fall_2022,664008,3988998,Oak sav,9,Even,fall,2022,8/1/2022,10/31/2022,91,Reconyx,,,0,,,0,,,0,,,0
C62,C62_winter_2022,C62_winter_2022,664008,3988998,Oak sav,9,Even,winter,2022,11/1/2022,11/5/2022,4,Reconyx,,,0,,,0,,,0,,,0
C64,C64_winter_2021,C64_winter_2021,649017,3992004,Burn chap,9,Even,winter,2021,11/7/2021,1/31/2022,85,N Brown,,,0,,,0,,,0,,,0
C64,C64_spring_2022,C64_spring_2022,649017,3992004,Burn chap,9,Even,spring,2022,2/1/2022,4/30/2022,88,Reconyx,,,0,,,0,,,0,,,0
C64,C64_summer_2022,C64_summer_2022,649017,3992004,Burn chap,9,Even,summer,2022,5/1/2022,7/31/2022,91,N Brown,,,0,,,0,,,0,,,0
C64,C64_fall_2022,C64_fall_2022,649017,3992004,Burn chap,9,Even,fall,2022,8/1/2022,10/31/2022,91,N Brown,,,0,,,0,,,0,,,0
C64,C64_winter_2022,C64_winter_2022,649017,3992004,Burn chap,9,Even,winter,2022,11/1/2022,11/5/2022,4,N Brown,,,0,,,0,,,0,,,0
C66,C66_winter_2021,C66_winter_2021,654895,3991976,chap,9,Even,winter,2021,11/13/2021,1/31/2022,79,N Brown,,,0,,,0,,,0,,,0
C66,C66_spring_2022,C66_spring_2022,654895,3991976,chap,9,Even,spring,2022,2/1/2022,4/30/2022,88,Reconyx,2/1/2022,2/5/2022,4,,,0,,,0,,,0
C66,C66_summer_2022,C66_summer_2022,654895,3991976,chap,9,Even,summer,2022,5/1/2022,7/31/2022,91,Reconyx,,,0,,,0,,,0,,,0
C66,C66_fall_2022,C66_fall_2022,654895,3991976,chap,9,Even,fall,2022,7/31/2022,10/31/2022,92,Reconyx,,,0,,,0,,,0,,,0
C66,C66_winter_2022,C66_winter_2022,654895,3991976,chap,9,Even,winter,2022,11/1/2022,11/14/2022,13,Reconyx,,,0,,,0,,,0,,,0
C68,C68_winter_2021,C68_winter_2021,660972,3991955,chap,9,Even,winter,2021,11/15/2021,1/31/2022,77,N Brown,,,0,,,0,,,0,,,0
C68,C68_spring_2022,C68_spring_2022,660972,3991955,chap,9,Even,spring,2022,2/1/2022,4/30/2022,88,N Brown,,,0,,,0,,,0,,,0
C68,C68_summer_2022,C68_summer_2022,660972,3991955,chap,9,Even,summer,2022,5/1/2022,7/31/2022,91,N Brown,5/8/2022,5/13/2022,5,5/20/2022,5/26/2022,6,6/1/2022,6/8/2022,7,7/26/2022,7/31/2022,5
C68,C68_fall_2022,C68_fall_2022,660972,3991955,chap,9,Even,fall,2022,8/1/2022,10/31/2022,91,N Brown,8/1/2022,10/31/2022,91,,,0,,,0,,,0
C68,C68_winter_2022,C68_winter_2022,660972,3991955,chap,9,Even,winter,2022,11/1/2022,11/7/2022,6,N Brown,11/1/2022,11/7/2022,6,,,0,,,0,,,0
C70,C70_winter_2021,C70_winter_2021,648993,3995024,Burn chap,9,Even,winter,2021,11/6/2021,1/31/2022,86,N Brown,,,0,,,0,,,0,,,0
C70,C70_spring_2022,C70_spring_2022,648993,3995024,Burn chap,9,Even,spring,2022,2/1/2022,4/30/2022,88,Reconyx,,,0,,,0,,,0,,,0
C70,C70_summer_2022,C70_summer_2022,648993,3995024,Burn chap,9,Even,summer,2022,5/1/2022,7/31/2022,91,N Brown,5/10/2022,5/26/2022,16,6/7/2022,6/8/2022,1,,,0,,,0
C70,C70_fall_2022,C70_fall_2022,648993,3995024,Burn chap,9,Even,fall,2022,8/1/2022,10/31/2022,91,N Brown,8/11/2022,10/31/2022,81,,,0,,,0,,,0
C70,C70_winter_2022,C70_winter_2022,648993,3995024,Burn chap,9,Even,winter,2022,11/1/2022,11/5/2022,4,N Brown,11/1/2022,11/5/2022,4,,,0,,,0,,,0
C72,C72_winter_2021,C72_winter_2021,655000,3995000,Oak wood ,9,Even,winter,2021,11/7/2021,1/31/2022,85,N Brown,,,0,,,0,,,0,,,0
C72,C72_spring_2022,C72_spring_2022,655000,3995000,Oak wood ,9,Even,spring,2022,2/1/2022,4/30/2022,88,N Brown,,,0,,,0,,,0,,,0
C72,C72_summer_2022,C72_summer_2022,655000,3995000,Oak wood ,9,Even,summer,2022,5/1/2022,7/31/2022,91,N Brown,6/20/2022,7/1/2022,11,,,0,,,0,,,0
C72,C72_fall_2022,C72_fall_2022,655000,3995000,Oak wood ,9,Even,fall,2022,8/1/2022,10/31/2022,91,N Brown,,,0,,,0,,,0,,,0
C72,C72_winter_2022,C72_winter_2022,655000,3995000,Oak wood ,9,Even,winter,2022,11/1/2022,11/7/2022,6,N Brown,,,0,,,0,,,0,,,0
C05,C05_summer_2021,C05_summer_2021,663966,3967987,oak wood,9,Odd,summer,2021,5/11/2021,7/31/2021,81,N Brown,6/2/2021,6/3/2021,1,,,0,,,0,,,0
C05,C05_fall_2021,C05_fall_2021,663966,3967987,oak wood,9,Odd,fall,2021,8/1/2021,10/31/2021,91,N Brown,8/29/2021,10/31/2021,63,,,0,,,0,,,0
C05,C05_winter_2021,C05_winter_2021,663966,3967987,oak wood,9,Odd,winter,2021,11/1/2021,11/3/2021,2,N Brown,11/1/2021,11/3/2021,2,,,0,,,0,,,0
C05,C05_winter_2022,C05_winter_2022,663918,3968032,Oak wood,9,Odd,winter,2022,11/4/2022,12/23/2022,49,Reconyx,,,0,,,0,,,0,,,0
C05,C05_winter_2022,C05_winter_2022_1,663918,3968032,Oak wood,9,Odd,winter,2022,12/23/2022,1/31/2023,39,O Brown,,,0,,,0,,,0,,,0
C05,C05_spring_2023,C05_spring_2023,663918,3968032,Oak wood,9,Odd,spring,2023,2/1/2023,5/11/2023,99,O Brown,4/4/2023,5/11/2023,37,,,0,,,0,,,0
C09,C09_summer_2021,C09_summer_2021,654700,3971144,Chap,9,Odd,summer,2021,6/28/2021,7/31/2021,33,N Brown,,,0,,,0,,,0,,,0
C09,C09_fall_2021,C09_fall_2021,654700,3971144,Chap,9,Odd,fall,2021,8/1/2021,10/31/2021,91,N Brown,,,0,,,0,,,0,,,0
C09,C09_winter_2021,C09_winter_2021,654700,3971144,Chap,9,Odd,winter,2021,11/1/2021,11/3/2021,2,N Brown,,,0,,,0,,,0,,,0
C09,C09_winter_2022,C09_winter_2022,654700,3971144,Chap,9,Odd,winter,2022,11/6/2022,1/31/2023,86,N Brown,,,0,,,0,,,0,,,0
C09,C09_spring_2023,C09_spring_2023,654700,3971144,Chap,9,Odd,spring,2023,2/1/2023,5/28/2023,116,N Brown,5/22/2023,5/28/2023,6,,,0,,,0,,,0
C11,C11_summer_2021,C11_summer_2021,661008,3971004,river bottom,9,Odd,summer,2021,5/9/2021,7/31/2021,83,O Brown,5/20/2021,6/3/2021,14,,,0,,,0,,,0
C11,C11_fall_2021,C11_fall_2021,661008,3971004,river bottom,9,Odd,fall,2021,8/1/2021,10/31/2021,91,O Brown,,,0,,,0,,,0,,,0
C11,C11_winter_2021,C11_winter_2021,661008,3971004,river bottom,9,Odd,winter,2021,11/1/2021,11/3/2021,2,O Brown,,,0,,,0,,,0,,,0
C11,C11_winter_2022,C11_winter_2022,661008,3971004,river bottom,9,Odd,winter,2022,11/6/2022,12/19/2022,43,UCD Brown,11/30/2022,12/19/2022,19,,,0,,,0,,,0
C11,C11_winter_2022,C11_winter_2022_1,661008,3971004,river bottom,9,Odd,winter,2022,12/19/2022,1/31/2023,43,N Brown,12/31/2022,1/28/2023,28,,,0,,,0,,,0
C11,C11_spring_2023,C11_spring_2023,661008,3971004,river bottom,9,Odd,spring,2023,2/1/2023,5/11/2023,99,N Brown,3/12/2023,5/11/2023,60,,,0,,,0,,,0
C13,C13_summer_2021,C13_summer_2021,666994,3971002,oak wood,6,Odd,summer,2021,5/9/2021,7/31/2021,83,O Brown,,,0,,,0,,,0,,,0
C13,C13_fall_2021,C13_fall_2021,666994,3971002,oak wood,6,Odd,fall,2021,8/1/2021,10/31/2021,91,O Brown,9/5/2021,10/31/2021,56,,,0,,,0,,,0
C13,C13_winter_2021,C13_winter_2021,666994,3971002,oak wood,6,Odd,winter,2021,11/1/2021,11/13/2021,12,O Brown,11/1/2021,11/13/2021,12,,,0,,,0,,,0
C13,C13_winter_2022,C13_winter_2022,666994,3971002,oak wood,6,Odd,winter,2022,11/4/2022,1/31/2023,88,N Brown,,,0,,,0,,,0,,,0
C13,C13_spring_2023,C13_spring_2023,666994,3971002,oak wood,6,Odd,spring,2023,2/1/2023,5/15/2023,103,N Brown,,,0,,,0,,,0,,,0
C17,C17_summer_2021,C17_summer_2021,657989,3973955,drain chap,9,Odd,summer,2021,5/10/2021,7/31/2021,82,N Bush,6/4/2021,6/6/2021,2,6/6/2021,6/24/2021,18,,,0,,,0
C17,C17_fall_2021,C17_fall_2021,657989,3973955,drain chap,9,Odd,fall,2021,8/1/2021,10/31/2021,91,N Bush,,,0,,,0,,,0,,,0
C17,C17_winter_2021,C17_winter_2021,657989,3973955,drain chap,9,Odd,winter,2021,11/1/2021,11/8/2021,7,N Bush,,,0,,,0,,,0,,,0
C17,C17_winter_2022,C17_winter_2022,657989,3973955,drain chap,9,Odd,winter,2022,11/14/2022,12/23/2022,39,Reconyx,,,0,,,0,,,0,,,0
C17,C17_winter_2022,C17_winter_2022_1,657989,3973955,drain chap,9,Odd,winter,2022,12/23/2022,1/31/2023,39,N Brown,,,0,,,0,,,0,,,0
C17,C17_spring_2023,C17_spring_2023,657989,3973955,drain chap,9,Odd,spring,2023,2/1/2023,5/15/2023,103,N Brown,4/27/2023,5/15/2023,18,,,0,,,0,,,0
C19,C19_summer_2021,C19_summer_2021,664009,3973977,oak sav,9,Odd,summer,2021,5/10/2021,6/6/2021,27,O Brown,5/14/2021,6/6/2021,23,,,0,,,0,,,0
C19,C19_summer_2021,C19_summer_2021_1,664030,3973891,Oak sav,9,Odd,summer,2021,6/6/2021,7/31/2021,55,N Brown,6/12/2021,7/3/2021,21,,,0,,,0,,,0
C19,C19_fall_2021,C19_fall_2021,664030,3973891,Oak sav,9,Odd,fall,2021,8/1/2021,10/31/2021,91,N Brown,,,0,,,0,,,0,,,0
C19,C19_winter_2021,C19_winter_2021,664030,3973891,Oak sav,9,Odd,winter,2021,11/1/2021,11/2/2021,1,N Brown,,,0,,,0,,,0,,,0
C19,C19_winter_2022,C19_winter_2022,664030,3973891,Oak sav,9,Odd,winter,2022,11/7/2022,12/22/2022,45,UCD Brown,,,0,,,0,,,0,,,0
C19,C19_winter_2022,C19_winter_2022_1,664030,3973891,Oak sav,9,Odd,winter,2022,12/22/2022,1/31/2023,40,N Brown,1/11/2023,1/25/2023,14,,,0,,,0,,,0
C19,C19_spring_2023,C19_spring_2023,664030,3973891,Oak sav,9,Odd,spring,2023,2/1/2023,5/30/2023,118,N Brown,3/27/2023,5/30/2023,64,,,0,,,0,,,0
C21,C21_summer_2021,C21_summer_2021,670005,3974004,Oak sav,9,Odd,summer,2021,5/10/2021,7/31/2021,82,O Brown,5/15/2021,6/19/2021,35,,,0,,,0,,,0
C21,C21_fall_2021,C21_fall_2021,670005,3974004,Oak sav,9,Odd,fall,2021,8/1/2021,10/31/2021,91,O Brown,,,0,,,0,,,0,,,0
C21,C21_winter_2021,C21_winter_2021,670005,3974004,Oak sav,9,Odd,winter,2021,11/1/2021,11/10/2021,9,O Brown,,,0,,,0,,,0,,,0
C21,C21_winter_2022,C21_winter_2022,670005,3974004,Oak sav,9,Odd,winter,2022,11/6/2022,1/31/2023,86,N Brown,,,0,,,0,,,0,,,0
C21,C21_spring_2023,C21_spring_2023,670005,3974004,Oak sav,9,Odd,spring,2023,2/1/2023,5/13/2023,101,N Brown,,,0,,,0,,,0,,,0
C23,C23_summer_2021,C23_summer_2021,676006,3973999,grass,9,Odd,summer,2021,5/20/2021,6/29/2021,40,O Bush,,,0,,,0,,,0,,,0
C23,C23_summer_2021,C23_summer_2021_1,676006,3973999,grass,9,Odd,summer,2021,6/29/2021,7/31/2021,32,N Brown,7/4/2021,7/14/2021,10,,,0,,,0,,,0
C23,C23_fall_2021,C23_fall_2021,676006,3973999,grass,9,Odd,fall,2021,8/1/2021,10/31/2021,91,N Brown,10/11/2021,10/31/2021,20,,,0,,,0,,,0
C23,C23_winter_2021,C23_winter_2021,676006,3973999,grass,9,Odd,winter,2021,11/1/2021,11/14/2021,13,N Brown,11/1/2021,11/14/2021,13,,,0,,,0,,,0
C23,C23_winter_2022,C23_winter_2022,676006,3973999,grass,9,Odd,winter,2022,11/14/2022,1/6/2023,53,Reconyx,11/22/2022,1/6/2023,45,,,0,,,0,,,0
C23,C23_winter_2022,C23_winter_2022_1,676006,3973999,grass,9,Odd,winter,2022,1/6/2023,1/31/2023,25,O Brown,,,0,,,0,,,0,,,0
C23,C23_spring_2023,C23_spring_2023,676006,3973999,grass,9,Odd,spring,2023,2/1/2023,5/13/2023,101,O Brown,4/23/2023,5/13/2023,20,,,0,,,0,,,0
C27,C27_summer_2021,C27_summer_2021,658025,3977030,Grass,9,Odd,summer,2021,5/10/2021,6/2/2021,23,N Bush,6/1/2021,6/2/2021,1,,,0,,,0,,,0
C27,C27_summer_2021,C27_summer_2021_1,658035,3977001,Grass,9,Odd,summer,2021,6/2/2021,7/31/2021,59,N Brown,6/6/2021,7/4/2021,28,7/26/2021,7/27/2021,1,,,0,,,0
C27,C27_fall_2021,C27_fall_2021,658035,3977001,Grass,9,Odd,fall,2021,8/1/2021,10/31/2021,91,N Brown,8/13/2021,10/31/2021,79,,,0,,,0,,,0
C27,C27_winter_2021,C27_winter_2021,658035,3977001,Grass,9,Odd,winter,2021,11/1/2021,11/2/2021,1,N Brown,11/1/2021,11/2/2021,1,,,0,,,0,,,0
C27,C27_winter_2022,C27_winter_2022,658035,3977001,Grass,9,Odd,winter,2022,11/7/2022,12/19/2022,42,Reconyx,,,0,,,0,,,0,,,0
C27,C27_winter_2022,C27_winter_2022_1,658035,3977001,Grass,9,Odd,winter,2022,12/19/2022,1/31/2023,43,N Bush,12/24/2022,1/21/2023,28,1/28/2023,1/31/2023,3,,,0,,,0
C27,C27_spring_2023,C27_spring_2023,658035,3977001,Grass,9,Odd,spring,2023,2/1/2023,5/15/2023,103,O Bush,2/1/2023,5/15/2023,103,,,0,,,0,,,0
C29,C29_summer_2021,C29_summer_2021,664038,3977000,grass/drain,9,Odd,summer,2021,5/14/2021,7/31/2021,78,N Brown,5/16/2021,6/2/2021,17,6/8/2021,7/3/2021,25,7/23/2021,7/28/2021,5,,,0
C29,C29_fall_2021,C29_fall_2021,664038,3977000,grass/drain,9,Odd,fall,2021,8/1/2021,10/31/2021,91,N Brown,10/11/2021,10/31/2021,20,,,0,,,0,,,0
C29,C29_winter_2021,C29_winter_2021,664038,3977000,grass/drain,9,Odd,winter,2021,11/1/2021,11/2/2021,1,N Brown,11/1/2021,11/2/2021,1,,,0,,,0,,,0
C29,C29_winter_2022,C29_winter_2022,664098,3976943,Grass,9,Odd,winter,2022,11/7/2022,12/23/2022,46,Reconyx,,,0,,,0,,,0,,,0
C29,C29_winter_2022,C29_winter_2022_1,664098,3976943,Grass,9,Odd,winter,2022,12/23/2022,1/31/2023,39,N Bush,,,0,,,0,,,0,,,0
C29,C29_spring_2023,C29_spring_2023,664098,3976943,Grass,9,Odd,spring,2023,2/1/2023,5/11/2023,99,N Bush,,,0,,,0,,,0,,,0
C31,C31_summer_2021,C31_summer_2021,669997,3977001,oak sav,9,Odd,summer,2021,5/10/2021,7/31/2021,82,O Brown,,,0,,,0,,,0,,,0
C31,C31_fall_2021,C31_fall_2021,669997,3977001,oak sav,9,Odd,fall,2021,8/1/2021,10/31/2021,91,O Brown,,,0,,,0,,,0,,,0
C31,C31_winter_2021,C31_winter_2021,669997,3977001,oak sav,9,Odd,winter,2021,11/1/2021,11/10/2021,9,O Brown,,,0,,,0,,,0,,,0
C31,C31_winter_2022,C31_winter_2022,669997,3977001,oak sav,9,Odd,winter,2022,11/6/2022,1/31/2023,86,N Brown,11/9/2022,12/8/2022,29,,,0,,,0,,,0
C31,C31_spring_2023,C31_spring_2023,669997,3977001,oak sav,9,Odd,spring,2023,2/1/2023,5/13/2023,101,N Brown,2/14/2023,5/13/2023,88,,,0,,,0,,,0
C35,C35_summer_2021,C35_summer_2021,651993,3979997,oak sav/drain,9,Odd,summer,2021,5/11/2021,7/31/2021,81,N Brown,5/25/2021,6/2/2021,8,6/6/2021,6/23/2021,17,7/3/2021,7/7/2021,4,,,0
C35,C35_fall_2021,C35_fall_2021,651993,3979997,oak sav/drain,9,Odd,fall,2021,8/1/2021,10/31/2021,91,N Brown,8/23/2021,10/31/2021,69,,,0,,,0,,,0
C35,C35_winter_2021,C35_winter_2021,651993,3979997,oak sav/drain,9,Odd,winter,2021,11/1/2021,11/4/2021,3,N Brown,11/1/2021,11/4/2021,3,,,0,,,0,,,0
C35,C35_winter_2022,C35_winter_2022,651993,3979997,oak sav/drain,9,Odd,winter,2022,11/4/2022,1/31/2023,88,N Brown,,,0,,,0,,,0,,,0
C35,C35_spring_2023,C35_spring_2023,651993,3979997,oak sav/drain,9,Odd,spring,2023,2/1/2023,5/10/2023,98,N Brown,4/11/2023,5/10/2023,29,,,0,,,0,,,0
C37,C37_summer_2021,C37_summer_2021,657998,3979998,grass,9,Odd,summer,2021,5/11/2021,6/2/2021,22,N Brown,5/12/2021,6/2/2021,21,,,0,,,0,,,0
C37,C37_summer_2021,C37_summer_2021_1,657654,3979719,Oak sav,9,Odd,summer,2021,6/2/2021,7/31/2021,59,N Brown,,,0,,,0,,,0,,,0
C37,C37_fall_2021,C37_fall_2021,657654,3979719,Oak sav,9,Odd,fall,2021,8/1/2021,10/31/2021,91,N Brown,,,0,,,0,,,0,,,0
C37,C37_winter_2021,C37_winter_2021,657654,3979719,Oak sav,9,Odd,winter,2021,11/1/2021,11/2/2021,1,N Brown,,,0,,,0,,,0,,,0
C37,C37_winter_2022,C37_winter_2022,657654,3979719,Oak sav,9,Odd,winter,2022,11/7/2022,1/31/2023,85,N Brown,,,0,,,0,,,0,,,0
C37,C37_spring_2023,C37_spring_2023,657654,3979719,Oak sav,9,Odd,spring,2023,2/1/2023,5/15/2023,103,N Brown,4/29/2023,5/15/2023,16,,,0,,,0,,,0
C39,C39_summer_2021,C39_summer_2021,663989,3980009,Riparian,9,Odd,summer,2021,5/16/2021,7/31/2021,76,N Brown,5/22/2021,6/2/2021,11,6/11/2021,6/23/2021,12,7/6/2021,7/10/2021,4,,,0
C39,C39_fall_2021,C39_fall_2021,663989,3980009,Riparian,9,Odd,fall,2021,8/1/2021,10/31/2021,91,N Brown,8/21/2021,10/31/2021,71,,,0,,,0,,,0
C39,C39_winter_2021,C39_winter_2021,663989,3980009,Riparian,9,Odd,winter,2021,11/1/2021,11/3/2021,2,N Brown,11/1/2021,11/3/2021,2,,,0,,,0,,,0
C39,C39_winter_2022,C39_winter_2022,663989,3980009,Riparian,9,Odd,winter,2022,11/22/2022,12/22/2022,30,UCD Brown,,,0,,,0,,,0,,,0
C39,C39_winter_2022,C39_winter_2022_1,663989,3980009,Riparian,9,Odd,winter,2022,12/22/2022,1/31/2023,40,N Bush,1/9/2023,1/25/2023,16,,,0,,,0,,,0
C39,C39_spring_2023,C39_spring_2023,663989,3980009,Riparian,9,Odd,spring,2023,2/1/2023,5/11/2023,99,N Bush,,,0,,,0,,,0,,,0
C41,C41_summer_2021,C41_summer_2021,649031,3983020,oak sav,9,Odd,summer,2021,5/11/2021,7/31/2021,81,N Brown,5/21/2021,6/2/2021,12,6/6/2021,6/23/2021,17,7/6/2021,7/7/2021,1,,,0
C41,C41_fall_2021,C41_fall_2021,649031,3983020,oak sav,9,Odd,fall,2021,8/1/2021,10/31/2021,91,N Brown,9/22/2021,10/31/2021,39,,,0,,,0,,,0
C41,C41_winter_2021,C41_winter_2021,649031,3983020,oak sav,9,Odd,winter,2021,11/1/2021,11/4/2021,3,N Brown,11/1/2021,11/4/2021,3,,,0,,,0,,,0
C41,C41_winter_2022,C41_winter_2022,649031,3983020,oak sav,9,Odd,winter,2022,11/4/2022,12/19/2022,45,Reconyx,,,0,,,0,,,0,,,0
C41,C41_winter_2022,C41_winter_2022_1,649031,3983020,oak sav,9,Odd,winter,2022,12/19/2022,1/31/2023,43,N Brown,,,0,,,0,,,0,,,0
C41,C41_spring_2023,C41_spring_2023,649031,3983020,oak sav,9,Odd,spring,2023,2/1/2023,5/12/2023,100,N Brown,,,0,,,0,,,0,,,0
C43,C43_summer_2021,C43_summer_2021,654995,3982954,oak wood,9,Odd,summer,2021,5/11/2021,7/31/2021,81,N Brown,,,0,,,0,,,0,,,0
C43,C43_fall_2021,C43_fall_2021,654995,3982954,oak wood,9,Odd,fall,2021,8/1/2021,10/31/2021,91,N Brown,,,0,,,0,,,0,,,0
C43,C43_winter_2021,C43_winter_2021,654995,3982954,oak wood,9,Odd,winter,2021,11/1/2021,11/2/2021,1,N Brown,,,0,,,0,,,0,,,0
C43,C43_winter_2022,C43_winter_2022,654995,3982954,oak wood,9,Odd,winter,2022,11/13/2022,1/31/2023,79,N Brown,,,0,,,0,,,0,,,0
C43,C43_spring_2023,C43_spring_2023,654995,3982954,oak wood,9,Odd,spring,2023,2/1/2023,5/10/2023,98,N Brown,2/18/2023,5/10/2023,81,,,0,,,0,,,0
C45,C45_summer_2021,C45_summer_2021,661155,3983199,oak sav,9,Odd,summer,2021,5/15/2021,7/31/2021,77,N Brown,5/18/2021,6/17/2021,30,6/25/2021,7/1/2021,6,7/19/2021,7/23/2021,4,,,0
C45,C45_fall_2021,C45_fall_2021,661155,3983199,oak sav,9,Odd,fall,2021,8/1/2021,10/31/2021,91,N Brown,8/4/2021,10/31/2021,88,,,0,,,0,,,0
C45,C45_winter_2021,C45_winter_2021,661155,3983199,oak sav,9,Odd,winter,2021,11/1/2021,11/8/2021,7,N Brown,11/1/2021,11/8/2021,7,,,0,,,0,,,0
C45,C45_winter_2022,C45_winter_2022,661155,3983199,oak sav,9,Odd,winter,2022,11/10/2022,12/20/2022,40,Reconyx,,,0,,,0,,,0,,,0
C45,C45_winter_2022,C45_winter_2022_1,661155,3983199,oak sav,9,Odd,winter,2022,12/20/2022,1/31/2023,42,N Bush,12/20/2022,1/29/2023,40,,,0,,,0,,,0
C45,C45_spring_2023,C45_spring_2023,661155,3983199,oak sav,9,Odd,spring,2023,2/1/2023,5/10/2023,98,O Brown,,,0,,,0,,,0,,,0
C47,C47_summer_2021,C47_summer_2021,666992,3983028,Oak Sav,9,Odd,summer,2021,5/20/2021,6/29/2021,40,O Bush,,,0,,,0,,,0,,,0
C47,C47_summer_2021,C47_summer_2021_1,666992,3983028,Oak Sav,9,Odd,summer,2021,6/29/2021,7/31/2021,32,N Brown,,,0,,,0,,,0,,,0
C47,C47_fall_2021,C47_fall_2021,666992,3983028,Oak Sav,9,Odd,fall,2021,8/1/2021,10/31/2021,91,N Brown,,,0,,,0,,,0,,,0
C47,C47_winter_2021,C47_winter_2021,666992,3983028,Oak Sav,9,Odd,winter,2021,11/1/2021,11/14/2021,13,N Brown,,,0,,,0,,,0,,,0
C47,C47_winter_2022,C47_winter_2022,666992,3983028,Oak Sav,9,Odd,winter,2022,11/16/2022,1/31/2023,76,N Brown,,,0,,,0,,,0,,,0
C47,C47_spring_2023,C47_spring_2023,666992,3983028,Oak Sav,9,Odd,spring,2023,2/1/2023,5/13/2023,101,N Brown,,,0,,,0,,,0,,,0
C49,C49_summer_2021,C49_summer_2021,648988,3985972,Burn chap,6,Odd,summer,2021,5/14/2021,7/31/2021,78,N Brown,6/6/2021,6/19/2021,13,,,0,,,0,,,0
C49,C49_fall_2021,C49_fall_2021,648988,3985972,Burn chap,6,Odd,fall,2021,8/1/2021,10/31/2021,91,N Brown,9/21/2021,10/31/2021,40,,,0,,,0,,,0
C49,C49_winter_2021,C49_winter_2021,648988,3985972,Burn chap,6,Odd,winter,2021,11/1/2021,11/4/2021,3,N Brown,11/1/2021,11/4/2021,3,,,0,,,0,,,0
C49,C49_winter_2022,C49_winter_2022,648988,3985972,Burn chap,6,Odd,winter,2022,11/10/2022,1/31/2023,82,N Brown,,,0,,,0,,,0,,,0
C49,C49_spring_2023,C49_spring_2023,648988,3985972,Burn chap,6,Odd,spring,2023,2/1/2023,5/12/2023,100,N Brown,,,0,,,0,,,0,,,0
C51,C51_summer_2021,C51_summer_2021,654995,3985984,oak sav grass,9,Odd,summer,2021,5/8/2021,6/5/2021,28,N Brown,5/16/2021,6/5/2021,20,,,0,,,0,,,0
C51,C51_summer_2021,C51_summer_2021_1,655056,3986019,Oak sav,9,Odd,summer,2021,6/5/2021,7/31/2021,56,N Brown,6/6/2021,6/24/2021,18,,,0,,,0,,,0
C51,C51_fall_2021,C51_fall_2021,655056,3986019,Oak sav,9,Odd,fall,2021,8/1/2021,10/31/2021,91,N Brown,,,0,,,0,,,0,,,0
C51,C51_winter_2021,C51_winter_2021,655056,3986019,Oak sav,9,Odd,winter,2021,11/1/2021,11/6/2021,5,N Brown,,,0,,,0,,,0,,,0
C51,C51_winter_2022,C51_winter_2022,655056,3986019,Oak sav,9,Odd,winter,2022,11/5/2022,12/19/2022,44,UCD Brown,,,0,,,0,,,0,,,0
C51,C51_winter_2022,C51_winter_2022_1,655056,3986019,Oak sav,9,Odd,winter,2022,12/19/2022,1/31/2023,43,O Brown,,,0,,,0,,,0,,,0
C51,C51_spring_2023,C51_spring_2023,655056,3986019,Oak sav,9,Odd,spring,2023,2/1/2023,5/14/2023,102,O Brown,,,0,,,0,,,0,,,0
C53,C53_summer_2021,C53_summer_2021,661049,3986012,con/chap,9,Odd,summer,2021,5/15/2021,7/31/2021,77,N Brown,5/17/2021,6/17/2021,31,6/22/2021,7/1/2021,9,7/8/2021,7/10/2021,2,,,0
C53,C53_fall_2021,C53_fall_2021,661049,3986012,con/chap,9,Odd,fall,2021,8/1/2021,10/31/2021,91,N Brown,,,0,,,0,,,0,,,0
C53,C53_winter_2021,C53_winter_2021,661049,3986012,con/chap,9,Odd,winter,2021,11/1/2021,11/8/2021,7,N Brown,,,0,,,0,,,0,,,0
C53,C53_winter_2022,C53_winter_2022,661049,3986012,con/chap,9,Odd,winter,2022,11/10/2022,12/22/2022,42,UCD Brown,11/13/2022,11/29/2022,16,,,0,,,0,,,0
C53,C53_winter_2022,C53_winter_2022_1,661049,3986012,con/chap,9,Odd,winter,2022,12/22/2022,1/31/2023,40,N Bush,,,0,,,0,,,0,,,0
C53,C53_spring_2023,C53_spring_2023,661049,3986012,con/chap,9,Odd,spring,2023,2/1/2023,5/14/2023,102,N Bush,,,0,,,0,,,0,,,0
C57,C57_summer_2021,C57_summer_2021,649075,3989189,Burn chap,9,Odd,summer,2021,5/13/2021,7/31/2021,79,N Brown,5/21/2021,6/19/2021,29,6/30/2021,7/6/2021,6,7/13/2021,7/31/2021,18,,,0
C57,C57_fall_2021,C57_fall_2021,649075,3989189,Burn chap,9,Odd,fall,2021,7/31/2021,10/31/2021,92,N Brown,8/4/2021,10/31/2021,88,,,0,,,0,,,0
C57,C57_winter_2021,C57_winter_2021,649075,3989189,Burn chap,9,Odd,winter,2021,11/1/2021,11/6/2021,5,N Brown,11/1/2021,11/6/2021,5,,,0,,,0,,,0
C57,C57_winter_2022,C57_winter_2022,649075,3989189,Burn chap,9,Odd,winter,2022,11/9/2022,1/31/2023,83,N Brown,,,0,,,0,,,0,,,0
C57,C57_spring_2023,C57_spring_2023,649075,3989189,Burn chap,9,Odd,spring,2023,2/1/2023,6/27/2023,146,N Brown,4/20/2023,6/27/2023,68,,,0,,,0,,,0
C59,C59_summer_2021,C59_summer_2021,655004,3988989,grass,9,Odd,summer,2021,5/8/2021,6/5/2021,28,N Bush,6/3/2021,6/5/2021,2,,,0,,,0,,,0
C59,C59_summer_2021,C59_summer_2021_1,654978,3988952,Pine sav,9,Odd,summer,2021,6/5/2021,6/27/2021,22,N Bush,6/5/2021,6/27/2021,22,,,0,,,0,,,0
C59,C59_summer_2021,C59_summer_2021_2,654978,3988952,Pine sav,9,Odd,summer,2021,6/27/2021,7/31/2021,34,N Brown,,,0,,,0,,,0,,,0
C59,C59_fall_2021,C59_fall_2021,654978,3988952,Pine sav,9,Odd,fall,2021,8/1/2021,10/31/2021,91,N Brown,,,0,,,0,,,0,,,0
C59,C59_winter_2021,C59_winter_2021,654978,3988952,Pine sav,9,Odd,winter,2021,11/1/2021,11/6/2021,5,N Brown,,,0,,,0,,,0,,,0
C59,C59_winter_2022,C59_winter_2022,654978,3988952,Pine sav,9,Odd,winter,2022,11/14/2022,12/19/2022,35,UCD Brown,,,0,,,0,,,0,,,0
C59,C59_winter_2022,C59_winter_2022_1,654978,3988952,Pine sav,9,Odd,winter,2022,12/19/2022,1/31/2023,43,N Bush,1/9/2023,1/29/2023,20,,,0,,,0,,,0
C59,C59_spring_2023,C59_spring_2023,654978,3988952,Pine sav,9,Odd,spring,2023,2/1/2023,5/14/2023,102,N Bush,2/8/2023,5/14/2023,95,,,0,,,0,,,0
C61,C61_summer_2021,C61_summer_2021,660995,3988994,Grass,9,Odd,summer,2021,5/8/2021,7/31/2021,84,N Bush,6/4/2021,6/17/2021,13,7/1/2021,7/10/2021,9,,,0,,,0
C61,C61_fall_2021,C61_fall_2021,660995,3988994,Grass,9,Odd,fall,2021,8/1/2021,10/31/2021,91,N Bush,9/1/2021,10/31/2021,60,,,0,,,0,,,0
C61,C61_winter_2021,C61_winter_2021,660995,3988994,Grass,9,Odd,winter,2021,11/1/2021,11/8/2021,7,N Bush,11/1/2021,11/8/2021,7,,,0,,,0,,,0
C61,C61_winter_2022,C61_winter_2022,660995,3988994,Grass,9,Odd,winter,2022,11/10/2022,12/22/2022,42,Reconyx,,,0,,,0,,,0,,,0
C61,C61_winter_2022,C61_winter_2022_1,660995,3988994,Grass,9,Odd,winter,2022,12/22/2022,1/31/2023,40,O Brown,,,0,,,0,,,0,,,0
C61,C61_spring_2023,C61_spring_2023,660995,3988994,Grass,9,Odd,spring,2023,2/1/2023,5/14/2023,102,O Brown,4/23/2023,5/14/2023,21,,,0,,,0,,,0
C63,C63_summer_2021,C63_summer_2021,646000,3992000,Burn chap,9,Odd,summer,2021,5/8/2021,7/31/2021,84,N Brown,5/21/2021,6/5/2021,15,,,0,,,0,,,0
C63,C63_fall_2021,C63_fall_2021,646000,3992000,Burn chap,9,Odd,fall,2021,8/1/2021,10/31/2021,91,N Brown,,,0,,,0,,,0,,,0
C63,C63_winter_2021,C63_winter_2021,646000,3992000,Burn chap,9,Odd,winter,2021,11/1/2021,11/6/2021,5,N Brown,,,0,,,0,,,0,,,0
C63,C63_winter_2022,C63_winter_2022,646000,3992000,Burn chap,9,Odd,winter,2022,11/5/2022,12/22/2022,47,Reconyx,,,0,,,0,,,0,,,0
C63,C63_winter_2022,C63_winter_2022_1,646000,3992000,Burn chap,9,Odd,winter,2022,12/22/2022,1/31/2023,40,O Brown,,,0,,,0,,,0,,,0
C63,C63_spring_2023,C63_spring_2023,646000,3992000,Burn chap,9,Odd,spring,2023,2/1/2023,5/14/2023,102,O Brown,,,0,,,0,,,0,,,0
C65,C65_summer_2021,C65_summer_2021,651988,3991988,oak wood,9,Odd,summer,2021,5/8/2021,7/31/2021,84,N Brown,,,0,,,0,,,0,,,0
C65,C65_fall_2021,C65_fall_2021,651988,3991988,oak wood,9,Odd,fall,2021,8/1/2021,10/31/2021,91,N Brown,,,0,,,0,,,0,,,0
C65,C65_winter_2021,C65_winter_2021,651988,3991988,oak wood,9,Odd,winter,2021,11/1/2021,11/6/2021,5,N Brown,,,0,,,0,,,0,,,0
C65,C65_winter_2022,C65_winter_2022,651988,3991988,oak wood,9,Odd,winter,2022,11/5/2022,12/19/2022,44,UCD Brown,,,0,,,0,,,0,,,0
C65,C65_winter_2022,C65_winter_2022_1,651988,3991988,oak wood,9,Odd,winter,2022,12/19/2022,1/31/2023,43,N Brown,,,0,,,0,,,0,,,0
C65,C65_spring_2023,C65_spring_2023,651988,3991988,oak wood,9,Odd,spring,2023,2/1/2023,5/14/2023,102,N Brown,,,0,,,0,,,0,,,0
C67,C67_summer_2021,C67_summer_2021,658004,3991989,oak sav,9,Odd,summer,2021,5/8/2021,6/6/2021,29,N Bush,5/19/2021,6/6/2021,18,,,0,,,0,,,0
C67,C67_summer_2021,C67_summer_2021_1,657965,3991907,con/dec,9,Odd,summer,2021,6/6/2021,7/31/2021,55,N Bush,6/21/2021,6/25/2021,4,7/27/2021,7/30/2021,3,,,0,,,0
C67,C67_fall_2021,C67_fall_2021,657965,3991907,con/dec,9,Odd,fall,2021,8/1/2021,10/31/2021,91,N Bush,,,0,,,0,,,0,,,0
C67,C67_winter_2021,C67_winter_2021,657965,3991907,con/dec,9,Odd,winter,2021,11/1/2021,11/7/2021,6,N Bush,,,0,,,0,,,0,,,0
C67,C67_winter_2022,C67_winter_2022,657965,3991907,con/dec,9,Odd,winter,2022,11/7/2022,1/31/2023,85,N Brown,,,0,,,0,,,0,,,0
C67,C67_spring_2023,C67_spring_2023,657965,3991907,con/dec,9,Odd,spring,2023,2/1/2023,5/14/2023,102,N Brown,,,0,,,0,,,0,,,0
C69,C69_summer_2021,C69_summer_2021,645988,3994974,Chap,9,Odd,summer,2021,5/8/2021,7/31/2021,84,N Bush,6/4/2021,6/5/2021,1,6/23/2021,6/24/2021,1,6/28/2021,7/13/2021,15,7/13/2021,7/30/2021,17
C69,C69_fall_2021,C69_fall_2021,645988,3994974,Chap,9,Odd,fall,2021,8/1/2021,10/31/2021,91,N Bush,9/10/2021,10/31/2021,51,,,0,,,0,,,0
C69,C69_winter_2021,C69_winter_2021,645988,3994974,Chap,9,Odd,winter,2021,11/1/2021,11/6/2021,5,N Bush,11/1/2021,11/6/2021,5,,,0,,,0,,,0
C69,C69_winter_2022,C69_winter_2022,645988,3994974,Chap,9,Odd,winter,2022,11/5/2022,12/22/2022,47,Reconyx,,,0,,,0,,,0,,,0
C69,C69_winter_2022,C69_winter_2022_1,645988,3994974,Chap,9,Odd,winter,2022,12/22/2022,1/31/2023,40,N Bush,12/22/2022,1/23/2023,32,,,0,,,0,,,0
C69,C69_spring_2023,C69_spring_2023,645988,3994974,Chap,9,Odd,spring,2023,2/1/2023,5/14/2023,102,N Bush,4/29/2023,5/14/2023,15,,,0,,,0,,,0
C71,C71_summer_2021,C71_summer_2021,652001,3995017,chap road,9,Odd,summer,2021,5/8/2021,7/31/2021,84,N Bush,,,0,,,0,,,0,,,0
C71,C71_fall_2021,C71_fall_2021,652001,3995017,chap road,9,Odd,fall,2021,8/1/2021,10/31/2021,91,N Bush,,,0,,,0,,,0,,,0
C71,C71_winter_2021,C71_winter_2021,652001,3995017,chap road,9,Odd,winter,2021,11/1/2021,11/7/2021,6,N Bush,,,0,,,0,,,0,,,0
C71,C71_winter_2022,C71_winter_2022,652001,3995017,chap road,9,Odd,winter,2022,11/14/2022,1/31/2023,78,N Brown,1/15/2023,1/23/2023,8,,,0,,,0,,,0
C71,C71_spring_2023,C71_spring_2023,652001,3995017,chap road,9,Odd,spring,2023,2/1/2023,5/14/2023,102,N Brown,3/14/2023,5/14/2023,61,,,0,,,0,,,0
C73,C73_summer_2021,C73_summer_2021,657994,3994947,Grass/con,9,Odd,summer,2021,5/8/2021,7/31/2021,84,N Bush,6/3/2021,6/6/2021,3,6/20/2021,6/25/2021,5,,,0,,,0
C73,C73_fall_2021,C73_fall_2021,657994,3994947,Grass/con,9,Odd,fall,2021,8/1/2021,10/31/2021,91,N Bush,,,0,,,0,,,0,,,0
C73,C73_winter_2021,C73_winter_2021,657994,3994947,Grass/con,9,Odd,winter,2021,11/1/2021,11/7/2021,6,N Bush,,,0,,,0,,,0,,,0
C73,C73_winter_2022,C73_winter_2022,657994,3994947,Grass/con,9,Odd,winter,2022,11/7/2022,12/22/2022,45,Reconyx,,,0,,,0,,,0,,,0
C73,C73_winter_2022,C73_winter_2022_1,657994,3994947,Grass/con,9,Odd,winter,2022,12/22/2022,1/31/2023,40,O Brown,,,0,,,0,,,0,,,0
C73,C73_spring_2023,C73_spring_2023,657994,3994947,Grass/con,9,Odd,spring,2023,2/1/2023,5/14/2023,102,O Brown,,,0,,,0,,,0,,,0
